group,category,pos_group,lemma,token_count,cc_total,c_total,lemma_in_cluster,p_lemma_given_cluster_cat,p_lemma_given_cluster,distinctiveness_cluster
"Art, design, crafts",AI_USE,NOUN,artist,49,4098,10130,49,0.011546536039188244,0.004796976451206512,0.878399668517738
"Art, design, crafts",AI_USE,NOUN,author,1,4098,10130,1,0.0003498950314905528,0.0001453629227638337,0.878399668517738
"Art, design, crafts",AI_USE,NOUN,company,23,4098,10130,23,0.005481688826685328,0.0022773524566333946,0.878399668517738
"Art, design, crafts",AI_USE,NOUN,plot,1,4098,10130,1,0.0003498950314905528,0.0001453629227638337,0.878399668517738
"Art, design, crafts",AI_USE,NOUN,process,63,4098,10130,63,0.014812222999766736,0.00615369706366896,0.878399668517738
"Art, design, crafts",AI_USE,NOUN,version,1,4098,10130,1,0.0003498950314905528,0.0001453629227638337,0.878399668517738
"Art, design, crafts",AI_USE,NOUN,way,44,4098,10130,44,0.010380219267553068,0.004312433375327066,0.878399668517738
"Art, design, crafts",AI_USE,NOUN,time,99,4098,10130,99,0.023209703755540004,0.009642407210000968,0.8783996685177375
"Art, design, crafts",AI_USE,NOUN,admin,10,4098,10130,10,0.00244926522043387,0.001017540459346836,0.8783996685177371
"Art, design, crafts",AI_USE,NOUN,ai,522,4098,10130,522,0.1218801026358759,0.050634751429402075,0.8783996685177371
"Art, design, crafts",AI_USE,NOUN,amount,9,4098,10130,9,0.0022160018661068347,0.0009206318441709468,0.8783996685177371
"Art, design, crafts",AI_USE,NOUN,aspect,20,4098,10130,20,0.004781898763704222,0.0019866266111057272,0.8783996685177371
"Art, design, crafts",AI_USE,VERB,continue,19,4098,10130,19,0.004548635409377187,0.0018897179959298381,0.878399668517738
"Art, design, crafts",AI_USE,VERB,notice,1,4098,10130,1,0.0003498950314905528,0.0001453629227638337,0.878399668517738
"Art, design, crafts",AI_USE,VERB,point,23,4098,10130,23,0.005481688826685328,0.0022773524566333946,0.878399668517738
"Art, design, crafts",AI_USE,VERB,say,47,4098,10130,47,0.011080009330534173,0.004603159220854734,0.878399668517738
"Art, design, crafts",AI_USE,VERB,take,80,4098,10130,80,0.018777700023326335,0.007801143521659075,0.8783996685177375
"Art, design, crafts",AI_USE,VERB,act,4,4098,10130,4,0.0010496850944716584,0.0004360887682915011,0.8783996685177371
"Art, design, crafts",AI_USE,VERB,adapt,5,4098,10130,5,0.0012829484487986936,0.0005329973834673902,0.8783996685177371
"Art, design, crafts",AI_USE,VERB,affect,6,4098,10130,6,0.0015162118031257288,0.0006299059986432793,0.8783996685177371
"Art, design, crafts",AI_USE,VERB,ask,70,4098,10130,70,0.016445066480055982,0.006832057369900184,0.8783996685177371
"Art, design, crafts",AI_USE,VERB,automate,4,4098,10130,4,0.0010496850944716584,0.0004360887682915011,0.8783996685177371
"Art, design, crafts",AI_USE,VERB,avoid,6,4098,10130,6,0.0015162118031257288,0.0006299059986432793,0.8783996685177371
"Art, design, crafts",AI_USE,VERB,become,21,4098,10130,21,0.005015162118031258,0.0020835352262816163,0.8783996685177371
"Art, design, crafts",AUTHORSHIP,NOUN,ability,15,3702,10130,15,0.00398355178617322,0.0015020835352262817,0.9753206621311614
"Art, design, crafts",AUTHORSHIP,NOUN,article,1,3702,10130,1,0.00038550501156515033,0.0001453629227638337,0.9753206621311614
"Art, design, crafts",AUTHORSHIP,NOUN,content,44,3702,10130,44,0.011436648676432794,0.004312433375327066,0.9753206621311614
"Art, design, crafts",AUTHORSHIP,NOUN,element,22,3702,10130,22,0.005782575173477255,0.0021804438414575055,0.9753206621311614
"Art, design, crafts",AUTHORSHIP,NOUN,event,15,3702,10130,15,0.00398355178617322,0.0015020835352262817,0.9753206621311614
"Art, design, crafts",AUTHORSHIP,NOUN,field,23,3702,10130,23,0.0060395785145206885,0.0022773524566333946,0.9753206621311614
"Art, design, crafts",AUTHORSHIP,NOUN,film,11,3702,10130,11,0.002955538421999486,0.001114449074522725,0.9753206621311614
"Art, design, crafts",AUTHORSHIP,NOUN,human,39,3702,10130,39,0.010151631971215627,0.003827890299447621,0.9753206621311614
"Art, design, crafts",AUTHORSHIP,NOUN,line,15,3702,10130,15,0.00398355178617322,0.0015020835352262817,0.9753206621311614
"Art, design, crafts",AUTHORSHIP,NOUN,photo,31,3702,10130,31,0.008095605242868157,0.003052621378040508,0.9753206621311614
"Art, design, crafts",AUTHORSHIP,NOUN,picture,15,3702,10130,15,0.00398355178617322,0.0015020835352262817,0.9753206621311614
"Art, design, crafts",AUTHORSHIP,NOUN,skill,22,3702,10130,22,0.005782575173477255,0.0021804438414575055,0.9753206621311614
"Art, design, crafts",AUTHORSHIP,VERB,cut,11,3702,10130,11,0.002955538421999486,0.001114449074522725,0.9753206621311614
"Art, design, crafts",AUTHORSHIP,VERB,draw,23,3702,10130,23,0.0060395785145206885,0.0022773524566333946,0.9753206621311614
"Art, design, crafts",AUTHORSHIP,VERB,finish,15,3702,10130,15,0.00398355178617322,0.0015020835352262817,0.9753206621311614
"Art, design, crafts",AUTHORSHIP,VERB,include,23,3702,10130,23,0.0060395785145206885,0.0022773524566333946,0.9753206621311614
"Art, design, crafts",AUTHORSHIP,VERB,love,11,3702,10130,11,0.002955538421999486,0.001114449074522725,0.9753206621311614
"Art, design, crafts",AUTHORSHIP,VERB,mix,1,3702,10130,1,0.00038550501156515033,0.0001453629227638337,0.9753206621311614
"Art, design, crafts",AUTHORSHIP,VERB,paint,23,3702,10130,23,0.0060395785145206885,0.0022773524566333946,0.9753206621311614
"Art, design, crafts",AUTHORSHIP,VERB,produce,19,3702,10130,19,0.0050115651503469544,0.0018897179959298381,0.9753206621311614
"Art, design, crafts",AUTHORSHIP,VERB,publish,1,3702,10130,1,0.00038550501156515033,0.0001453629227638337,0.9753206621311614
"Art, design, crafts",AUTHORSHIP,VERB,put,22,3702,10130,22,0.005782575173477255,0.0021804438414575055,0.9753206621311614
"Art, design, crafts",AUTHORSHIP,VERB,remove,11,3702,10130,11,0.002955538421999486,0.001114449074522725,0.9753206621311614
"Art, design, crafts",AUTHORSHIP,VERB,show,15,3702,10130,15,0.00398355178617322,0.0015020835352262817,0.9753206621311614
"Art, design, crafts",CONTROL,NOUN,decision,19,378,10130,19,0.03439153439153439,0.0018897179959298381,2.901382831387963
"Art, design, crafts",CONTROL,NOUN,control,13,378,10130,13,0.023809523809523808,0.0013082663048745035,2.9013828313879624
"Art, design, crafts",CONTROL,NOUN,direction,15,378,10130,15,0.027336860670194002,0.0015020835352262817,2.9013828313879624
"Art, design, crafts",CONTROL,NOUN,media,34,378,10130,34,0.06084656084656084,0.0033433472235681752,2.9013828313879624
"Art, design, crafts",CONTROL,NOUN,question,35,378,10130,35,0.06261022927689594,0.0034402558387440644,2.9013828313879624
"Art, design, crafts",CONTROL,NOUN,chat,6,378,10130,6,0.01146384479717813,0.0006299059986432793,2.901382831387962
"Art, design, crafts",CONTROL,NOUN,experience,5,378,10130,5,0.009700176366843033,0.0005329973834673902,2.901382831387962
"Art, design, crafts",CONTROL,VERB,allow,23,378,10130,23,0.04144620811287478,0.0022773524566333946,2.901382831387963
"Art, design, crafts",CONTROL,VERB,let,23,378,10130,23,0.04144620811287478,0.0022773524566333946,2.901382831387963
"Art, design, crafts",CONTROL,VERB,lead,13,378,10130,13,0.023809523809523808,0.0013082663048745035,2.9013828313879624
"Art, design, crafts",CONTROL,VERB,set,11,378,10130,11,0.020282186948853614,0.001114449074522725,2.9013828313879624
"Art, design, crafts",CONTROL,VERB,choose,9,378,10130,9,0.01675485008818342,0.0009206318441709468,2.901382831387962
"Art, design, crafts",CONTROL,VERB,decide,10,378,10130,10,0.018518518518518517,0.001017540459346836,2.901382831387962
"Art, design, crafts",CONTROL,VERB,determine,3,378,10130,3,0.006172839506172839,0.000339180153115612,2.901382831387962
"Art, design, crafts",CONTROL,VERB,direct,6,378,10130,6,0.01146384479717813,0.0006299059986432793,2.901382831387962
"Art, design, crafts",CONTROL,VERB,drive,18,378,10130,18,0.03262786596119929,0.001792809380753949,2.901382831387962
"Art, design, crafts",CONTROL,VERB,guide,3,378,10130,3,0.006172839506172839,0.000339180153115612,2.901382831387962
"Art, design, crafts",CONTROL,VERB,make,121,378,10130,121,0.21428571428571427,0.01177439674387053,2.901382831387962
"Art, design, crafts",CONTROL,VERB,manage,4,378,10130,4,0.007936507936507936,0.0004360887682915011,2.901382831387962
"Art, design, crafts",IDEATION,NOUN,reader,1,1952,10130,1,0.0007006071929005138,0.0001453629227638337,1.5727138465260326
"Art, design, crafts",IDEATION,NOUN,situation,1,1952,10130,1,0.0007006071929005138,0.0001453629227638337,1.5727138465260326
"Art, design, crafts",IDEATION,NOUN,area,10,1952,10130,10,0.004904250350303597,0.001017540459346836,1.5727138465260317
"Art, design, crafts",IDEATION,NOUN,blog,8,1952,10130,8,0.0039701074264362445,0.0008237232289950577,1.5727138465260317
"Art, design, crafts",IDEATION,NOUN,board,6,1952,10130,6,0.003035964502568893,0.0006299059986432793,1.5727138465260317
"Art, design, crafts",IDEATION,NOUN,concept,29,1952,10130,29,0.013778608127043438,0.0028588041476887297,1.5727138465260317
"Art, design, crafts",IDEATION,NOUN,creativity,22,1952,10130,22,0.010509107893507707,0.0021804438414575055,1.5727138465260317
"Art, design, crafts",IDEATION,NOUN,editing,28,1952,10130,28,0.013311536665109761,0.0027618955325128406,1.5727138465260317
"Art, design, crafts",IDEATION,NOUN,etc.,28,1952,10130,28,0.013311536665109761,0.0027618955325128406,1.5727138465260317
"Art, design, crafts",IDEATION,NOUN,feature,10,1952,10130,10,0.004904250350303597,0.001017540459346836,1.5727138465260317
"Art, design, crafts",IDEATION,NOUN,idea,165,1952,10130,165,0.07730032695002335,0.01603837581160965,1.5727138465260317
"Art, design, crafts",IDEATION,NOUN,inspiration,24,1952,10130,24,0.011443250817375059,0.0023742610718092837,1.5727138465260317
"Art, design, crafts",IDEATION,VERB,hone,1,1952,10130,1,0.0007006071929005138,0.0001453629227638337,1.5727138465260326
"Art, design, crafts",IDEATION,VERB,like,168,1952,10130,168,0.07870154133582438,0.01632910165713732,1.5727138465260322
"Art, design, crafts",IDEATION,VERB,base,27,1952,10130,27,0.012844465203176086,0.0026649869173369515,1.5727138465260317
"Art, design, crafts",IDEATION,VERB,bounce,3,1952,10130,3,0.0016347501167678655,0.000339180153115612,1.5727138465260317
"Art, design, crafts",IDEATION,VERB,brainstorm,18,1952,10130,18,0.008640822045773003,0.001792809380753949,1.5727138465260317
"Art, design, crafts",IDEATION,VERB,come,63,1952,10130,63,0.029659037832788417,0.00615369706366896,1.5727138465260317
"Art, design, crafts",IDEATION,VERB,complete,19,1952,10130,19,0.00910789350770668,0.0018897179959298381,1.5727138465260317
"Art, design, crafts",IDEATION,VERB,consider,8,1952,10130,8,0.0039701074264362445,0.0008237232289950577,1.5727138465260317
"Art, design, crafts",IDEATION,VERB,copy,11,1952,10130,11,0.005371321812237272,0.001114449074522725,1.5727138465260317
"Art, design, crafts",IDEATION,VERB,develop,11,1952,10130,11,0.005371321812237272,0.001114449074522725,1.5727138465260317
"Art, design, crafts",IDEATION,VERB,discuss,7,1952,10130,7,0.003503035964502569,0.0007268146138191686,1.5727138465260317
"Art, design, crafts",IDEATION,VERB,engage,8,1952,10130,8,0.0039701074264362445,0.0008237232289950577,1.5727138465260317
Audiovisual,AI_USE,NOUN,admin,6,1543,3810,6,0.0037528868360277136,0.001625406351587897,0.8367675197244386
Audiovisual,AI_USE,NOUN,character,6,1543,3810,6,0.0037528868360277136,0.001625406351587897,0.8367675197244386
Audiovisual,AI_USE,NOUN,company,6,1543,3810,6,0.0037528868360277136,0.001625406351587897,0.8367675197244386
Audiovisual,AI_USE,NOUN,designer,7,1543,3810,7,0.0043302540415704385,0.0018754688672168042,0.8367675197244386
Audiovisual,AI_USE,NOUN,form,6,1543,3810,6,0.0037528868360277136,0.001625406351587897,0.8367675197244386
Audiovisual,AI_USE,NOUN,information,10,1543,3810,10,0.006062355658198615,0.002625656414103526,0.8367675197244386
Audiovisual,AI_USE,NOUN,llm,10,1543,3810,10,0.006062355658198615,0.002625656414103526,0.8367675197244386
Audiovisual,AI_USE,NOUN,stuff,7,1543,3810,7,0.0043302540415704385,0.0018754688672168042,0.8367675197244386
Audiovisual,AI_USE,NOUN,track,7,1543,3810,7,0.0043302540415704385,0.0018754688672168042,0.8367675197244386
Audiovisual,AI_USE,NOUN,creative,52,1543,3810,52,0.03031177829099307,0.01312828207051763,0.8367675197244382
Audiovisual,AI_USE,NOUN,time,44,1543,3810,44,0.02569284064665127,0.011127781945486371,0.8367675197244382
Audiovisual,AI_USE,NOUN,ai,148,1543,3810,148,0.08573903002309469,0.037134283570892726,0.8367675197244377
Audiovisual,AI_USE,VERB,begin,7,1543,3810,7,0.0043302540415704385,0.0018754688672168042,0.8367675197244386
Audiovisual,AI_USE,VERB,cover,10,1543,3810,10,0.006062355658198615,0.002625656414103526,0.8367675197244386
Audiovisual,AI_USE,VERB,depend,6,1543,3810,6,0.0037528868360277136,0.001625406351587897,0.8367675197244386
Audiovisual,AI_USE,VERB,hit,6,1543,3810,6,0.0037528868360277136,0.001625406351587897,0.8367675197244386
Audiovisual,AI_USE,VERB,mean,6,1543,3810,6,0.0037528868360277136,0.001625406351587897,0.8367675197244386
Audiovisual,AI_USE,VERB,point,6,1543,3810,6,0.0037528868360277136,0.001625406351587897,0.8367675197244386
Audiovisual,AI_USE,VERB,prompt,7,1543,3810,7,0.0043302540415704385,0.0018754688672168042,0.8367675197244386
Audiovisual,AI_USE,VERB,provide,6,1543,3810,6,0.0037528868360277136,0.001625406351587897,0.8367675197244386
Audiovisual,AI_USE,VERB,sound,25,1543,3810,25,0.014722863741339492,0.006376594148537134,0.8367675197244386
Audiovisual,AI_USE,VERB,spend,10,1543,3810,10,0.006062355658198615,0.002625656414103526,0.8367675197244386
Audiovisual,AI_USE,VERB,struggle,7,1543,3810,7,0.0043302540415704385,0.0018754688672168042,0.8367675197244386
Audiovisual,AI_USE,VERB,worry,7,1543,3810,7,0.0043302540415704385,0.0018754688672168042,0.8367675197244386
Audiovisual,AUTHORSHIP,NOUN,article,2,1399,3810,2,0.0015743073047858943,0.000625156289072268,0.9235689670397376
Audiovisual,AUTHORSHIP,NOUN,book,2,1399,3810,2,0.0015743073047858943,0.000625156289072268,0.9235689670397376
Audiovisual,AUTHORSHIP,NOUN,content,11,1399,3810,11,0.007241813602015114,0.002875718929732433,0.9235689670397376
Audiovisual,AUTHORSHIP,NOUN,conversation,3,1399,3810,3,0.002204030226700252,0.0008752188047011753,0.9235689670397376
Audiovisual,AUTHORSHIP,NOUN,couple,7,1399,3810,7,0.004722921914357683,0.0018754688672168042,0.9235689670397376
Audiovisual,AUTHORSHIP,NOUN,description,3,1399,3810,3,0.002204030226700252,0.0008752188047011753,0.9235689670397376
Audiovisual,AUTHORSHIP,NOUN,effect,4,1399,3810,4,0.0028337531486146094,0.0011252813203300824,0.9235689670397376
Audiovisual,AUTHORSHIP,NOUN,email,4,1399,3810,4,0.0028337531486146094,0.0011252813203300824,0.9235689670397376
Audiovisual,AUTHORSHIP,NOUN,event,5,1399,3810,5,0.0034634760705289673,0.0013753438359589898,0.9235689670397376
Audiovisual,AUTHORSHIP,NOUN,field,5,1399,3810,5,0.0034634760705289673,0.0013753438359589898,0.9235689670397376
Audiovisual,AUTHORSHIP,NOUN,film,23,1399,3810,23,0.014798488664987406,0.0058764691172793196,0.9235689670397376
Audiovisual,AUTHORSHIP,NOUN,game,7,1399,3810,7,0.004722921914357683,0.0018754688672168042,0.9235689670397376
Audiovisual,AUTHORSHIP,VERB,add,10,1399,3810,10,0.006612090680100755,0.002625656414103526,0.9235689670397376
Audiovisual,AUTHORSHIP,VERB,answer,2,1399,3810,2,0.0015743073047858943,0.000625156289072268,0.9235689670397376
Audiovisual,AUTHORSHIP,VERB,assist,3,1399,3810,3,0.002204030226700252,0.0008752188047011753,0.9235689670397376
Audiovisual,AUTHORSHIP,VERB,bring,4,1399,3810,4,0.0028337531486146094,0.0011252813203300824,0.9235689670397376
Audiovisual,AUTHORSHIP,VERB,build,3,1399,3810,3,0.002204030226700252,0.0008752188047011753,0.9235689670397376
Audiovisual,AUTHORSHIP,VERB,change,15,1399,3810,15,0.009760705289672544,0.003875968992248062,0.9235689670397376
Audiovisual,AUTHORSHIP,VERB,clean,3,1399,3810,3,0.002204030226700252,0.0008752188047011753,0.9235689670397376
Audiovisual,AUTHORSHIP,VERB,combine,4,1399,3810,4,0.0028337531486146094,0.0011252813203300824,0.9235689670397376
Audiovisual,AUTHORSHIP,VERB,consume,2,1399,3810,2,0.0015743073047858943,0.000625156289072268,0.9235689670397376
Audiovisual,AUTHORSHIP,VERB,craft,2,1399,3810,2,0.0015743073047858943,0.000625156289072268,0.9235689670397376
Audiovisual,AUTHORSHIP,VERB,create,31,1399,3810,31,0.019836272040302267,0.007876969242310577,0.9235689670397376
Audiovisual,AUTHORSHIP,VERB,cut,2,1399,3810,2,0.0015743073047858943,0.000625156289072268,0.9235689670397376
Audiovisual,CONTROL,NOUN,direction,5,135,3810,5,0.016975308641975308,0.0013753438359589898,2.513056093054489
Audiovisual,CONTROL,NOUN,media,6,135,3810,6,0.020061728395061727,0.001625406351587897,2.513056093054489
Audiovisual,CONTROL,NOUN,decision,11,135,3810,11,0.035493827160493825,0.002875718929732433,2.5130560930544887
Audiovisual,CONTROL,NOUN,question,11,135,3810,11,0.035493827160493825,0.002875718929732433,2.5130560930544887
Audiovisual,CONTROL,NOUN,chat,1,135,3810,1,0.004629629629629629,0.00037509377344336085,2.5130560930544883
Audiovisual,CONTROL,NOUN,control,3,135,3810,3,0.010802469135802469,0.0008752188047011753,2.5130560930544883
Audiovisual,CONTROL,NOUN,experience,3,135,3810,3,0.010802469135802469,0.0008752188047011753,2.5130560930544883
Audiovisual,CONTROL,VERB,allow,7,135,3810,7,0.023148148148148147,0.0018754688672168042,2.513056093054489
Audiovisual,CONTROL,VERB,drive,4,135,3810,4,0.013888888888888888,0.0011252813203300824,2.513056093054489
Audiovisual,CONTROL,VERB,let,10,135,3810,10,0.032407407407407406,0.002625656414103526,2.513056093054489
Audiovisual,CONTROL,VERB,make,55,135,3810,55,0.1712962962962963,0.01387846961740435,2.513056093054489
Audiovisual,CONTROL,VERB,set,9,135,3810,9,0.029320987654320986,0.0023755938984746186,2.513056093054489
Audiovisual,CONTROL,VERB,choose,1,135,3810,1,0.004629629629629629,0.00037509377344336085,2.5130560930544883
Audiovisual,CONTROL,VERB,determine,1,135,3810,1,0.004629629629629629,0.00037509377344336085,2.5130560930544883
Audiovisual,CONTROL,VERB,direct,1,135,3810,1,0.004629629629629629,0.00037509377344336085,2.5130560930544883
Audiovisual,CONTROL,VERB,guide,1,135,3810,1,0.004629629629629629,0.00037509377344336085,2.5130560930544883
Audiovisual,CONTROL,VERB,lead,3,135,3810,3,0.010802469135802469,0.0008752188047011753,2.5130560930544883
Audiovisual,CONTROL,VERB,manage,3,135,3810,3,0.010802469135802469,0.0008752188047011753,2.5130560930544883
Audiovisual,IDEATION,NOUN,creativity,7,733,3810,7,0.008134490238611713,0.0018754688672168042,1.4672543852902251
Audiovisual,IDEATION,NOUN,editing,4,733,3810,4,0.004880694143167028,0.0011252813203300824,1.4672543852902251
Audiovisual,IDEATION,NOUN,feature,7,733,3810,7,0.008134490238611713,0.0018754688672168042,1.4672543852902251
Audiovisual,IDEATION,NOUN,inspiration,4,733,3810,4,0.004880694143167028,0.0011252813203300824,1.4672543852902251
Audiovisual,IDEATION,NOUN,planning,6,733,3810,6,0.0070498915401301515,0.001625406351587897,1.4672543852902251
Audiovisual,IDEATION,NOUN,style,9,733,3810,9,0.010303687635574838,0.0023755938984746186,1.4672543852902251
Audiovisual,IDEATION,NOUN,theme,7,733,3810,7,0.008134490238611713,0.0018754688672168042,1.4672543852902251
Audiovisual,IDEATION,NOUN,tone,6,733,3810,6,0.0070498915401301515,0.001625406351587897,1.4672543852902251
Audiovisual,IDEATION,NOUN,idea,52,733,3810,52,0.056941431670282,0.01312828207051763,1.4672543852902247
Audiovisual,IDEATION,NOUN,area,3,733,3810,3,0.003796095444685466,0.0008752188047011753,1.4672543852902242
Audiovisual,IDEATION,NOUN,blog,2,733,3810,2,0.0027114967462039045,0.000625156289072268,1.4672543852902242
Audiovisual,IDEATION,NOUN,board,2,733,3810,2,0.0027114967462039045,0.000625156289072268,1.4672543852902242
Audiovisual,IDEATION,VERB,come,16,733,3810,16,0.01789587852494577,0.004126031507876969,1.4672543852902251
Audiovisual,IDEATION,VERB,copy,4,733,3810,4,0.004880694143167028,0.0011252813203300824,1.4672543852902251
Audiovisual,IDEATION,VERB,keep,9,733,3810,9,0.010303687635574838,0.0023755938984746186,1.4672543852902251
Audiovisual,IDEATION,VERB,research,7,733,3810,7,0.008134490238611713,0.0018754688672168042,1.4672543852902251
Audiovisual,IDEATION,VERB,talk,4,733,3810,4,0.004880694143167028,0.0011252813203300824,1.4672543852902251
Audiovisual,IDEATION,VERB,think,53,733,3810,53,0.05802603036876356,0.013378344586146536,1.4672543852902251
Audiovisual,IDEATION,VERB,like,73,733,3810,73,0.0797180043383948,0.01837959489872468,1.4672543852902247
Audiovisual,IDEATION,VERB,have,172,733,3810,172,0.18709327548806942,0.043135783945986494,1.4672543852902244
Audiovisual,IDEATION,VERB,base,5,733,3810,5,0.00596529284164859,0.0013753438359589898,1.4672543852902242
Audiovisual,IDEATION,VERB,bounce,3,733,3810,3,0.003796095444685466,0.0008752188047011753,1.4672543852902242
Audiovisual,IDEATION,VERB,brainstorm,5,733,3810,5,0.00596529284164859,0.0013753438359589898,1.4672543852902242
Audiovisual,IDEATION,VERB,complete,2,733,3810,2,0.0027114967462039045,0.000625156289072268,1.4672543852902242
Content writing,AI_USE,NOUN,ai,247,2150,5205,247,0.10581445061992305,0.04588431590656285,0.8355637371154967
Content writing,AI_USE,NOUN,time,64,2150,5205,64,0.027575887131252672,0.011957730812013349,0.8355637371154967
Content writing,AI_USE,NOUN,admin,1,2150,5205,1,0.0006412997007268063,0.00027808676307007786,0.8355637371154963
Content writing,AI_USE,NOUN,amount,8,2150,5205,8,0.0036340316374519027,0.0015758249907304412,0.8355637371154963
Content writing,AI_USE,NOUN,artist,4,2150,5205,4,0.001923899102180419,0.0008342602892102336,0.8355637371154963
Content writing,AI_USE,NOUN,aspect,9,2150,5205,9,0.004061564771269773,0.0017612161661104931,0.8355637371154963
Content writing,AI_USE,NOUN,assistant,11,2150,5205,11,0.004916631038905515,0.002131998516870597,0.8355637371154963
Content writing,AI_USE,NOUN,audio,1,2150,5205,1,0.0006412997007268063,0.00027808676307007786,0.8355637371154963
Content writing,AI_USE,NOUN,author,8,2150,5205,8,0.0036340316374519027,0.0015758249907304412,0.8355637371154963
Content writing,AI_USE,NOUN,background,3,2150,5205,3,0.001496365968362548,0.0006488691138301817,0.8355637371154963
Content writing,AI_USE,NOUN,bit,23,2150,5205,23,0.010047028644719966,0.0043566926214312195,0.8355637371154963
Content writing,AI_USE,NOUN,brainstorming,7,2150,5205,7,0.0032064985036340315,0.0013904338153503894,0.8355637371154963
Content writing,AI_USE,VERB,accept,4,2150,5205,4,0.001923899102180419,0.0008342602892102336,0.8355637371154963
Content writing,AI_USE,VERB,act,1,2150,5205,1,0.0006412997007268063,0.00027808676307007786,0.8355637371154963
Content writing,AI_USE,VERB,adapt,3,2150,5205,3,0.001496365968362548,0.0006488691138301817,0.8355637371154963
Content writing,AI_USE,VERB,affect,1,2150,5205,1,0.0006412997007268063,0.00027808676307007786,0.8355637371154963
Content writing,AI_USE,VERB,apply,2,2150,5205,2,0.0010688328345446773,0.0004634779384501298,0.8355637371154963
Content writing,AI_USE,VERB,attempt,7,2150,5205,7,0.0032064985036340315,0.0013904338153503894,0.8355637371154963
Content writing,AI_USE,VERB,automate,1,2150,5205,1,0.0006412997007268063,0.00027808676307007786,0.8355637371154963
Content writing,AI_USE,VERB,avoid,3,2150,5205,3,0.001496365968362548,0.0006488691138301817,0.8355637371154963
Content writing,AI_USE,VERB,become,11,2150,5205,11,0.004916631038905515,0.002131998516870597,0.8355637371154963
Content writing,AI_USE,VERB,begin,3,2150,5205,3,0.001496365968362548,0.0006488691138301817,0.8355637371154963
Content writing,AI_USE,VERB,believe,7,2150,5205,7,0.0032064985036340315,0.0013904338153503894,0.8355637371154963
Content writing,AI_USE,VERB,buy,2,2150,5205,2,0.0010688328345446773,0.0004634779384501298,0.8355637371154963
Content writing,AUTHORSHIP,NOUN,thing,37,1808,5205,37,0.018778167250876315,0.006952169076751946,0.9936411702838606
Content writing,AUTHORSHIP,NOUN,ability,4,1808,5205,4,0.002253380070105158,0.0008342602892102336,0.9936411702838601
Content writing,AUTHORSHIP,NOUN,art,11,1808,5205,11,0.005758637956935403,0.002131998516870597,0.9936411702838601
Content writing,AUTHORSHIP,NOUN,article,22,1808,5205,22,0.011266900350525789,0.004171301446051168,0.9936411702838601
Content writing,AUTHORSHIP,NOUN,asset,25,1808,5205,25,0.012769153730595895,0.004727474972191324,0.9936411702838601
Content writing,AUTHORSHIP,NOUN,book,15,1808,5205,15,0.007761642463695543,0.0028735632183908046,0.9936411702838601
Content writing,AUTHORSHIP,NOUN,content,40,1808,5205,40,0.02028042063094642,0.007508342602892102,0.9936411702838601
Content writing,AUTHORSHIP,NOUN,conversation,5,1808,5205,5,0.002754131196795193,0.0010196514645902854,0.9936411702838601
Content writing,AUTHORSHIP,NOUN,couple,10,1808,5205,10,0.005257886830245368,0.001946607341490545,0.9936411702838601
Content writing,AUTHORSHIP,NOUN,description,3,1808,5205,3,0.0017526289434151227,0.0006488691138301817,0.9936411702838601
Content writing,AUTHORSHIP,NOUN,effect,1,1808,5205,1,0.0007511266900350526,0.00027808676307007786,0.9936411702838601
Content writing,AUTHORSHIP,NOUN,element,2,1808,5205,2,0.0012518778167250877,0.0004634779384501298,0.9936411702838601
Content writing,AUTHORSHIP,VERB,add,9,1808,5205,9,0.004757135703555333,0.0017612161661104931,0.9936411702838601
Content writing,AUTHORSHIP,VERB,answer,8,1808,5205,8,0.004256384576865298,0.0015758249907304412,0.9936411702838601
Content writing,AUTHORSHIP,VERB,assist,4,1808,5205,4,0.002253380070105158,0.0008342602892102336,0.9936411702838601
Content writing,AUTHORSHIP,VERB,be,596,1808,5205,596,0.29869804707060593,0.11058583611420096,0.9936411702838601
Content writing,AUTHORSHIP,VERB,bring,2,1808,5205,2,0.0012518778167250877,0.0004634779384501298,0.9936411702838601
Content writing,AUTHORSHIP,VERB,build,7,1808,5205,7,0.003755633450175263,0.0013904338153503894,0.9936411702838601
Content writing,AUTHORSHIP,VERB,change,18,1808,5205,18,0.009263895843765649,0.0034297367445309604,0.9936411702838601
Content writing,AUTHORSHIP,VERB,combine,1,1808,5205,1,0.0007511266900350526,0.00027808676307007786,0.9936411702838601
Content writing,AUTHORSHIP,VERB,consume,1,1808,5205,1,0.0007511266900350526,0.00027808676307007786,0.9936411702838601
Content writing,AUTHORSHIP,VERB,craft,2,1808,5205,2,0.0012518778167250877,0.0004634779384501298,0.9936411702838601
Content writing,AUTHORSHIP,VERB,create,38,1808,5205,38,0.01927891837756635,0.007137560252131999,0.9936411702838601
Content writing,AUTHORSHIP,VERB,cut,2,1808,5205,2,0.0012518778167250877,0.0004634779384501298,0.9936411702838601
Content writing,CONTROL,NOUN,question,19,179,5205,19,0.05298913043478261,0.003615127919911012,2.6849595655307446
Content writing,CONTROL,NOUN,chat,1,179,5205,1,0.004076086956521739,0.00027808676307007786,2.684959565530744
Content writing,CONTROL,NOUN,control,6,179,5205,6,0.017663043478260868,0.0012050426399703375,2.684959565530744
Content writing,CONTROL,NOUN,decision,14,179,5205,14,0.03940217391304348,0.002688172043010753,2.684959565530744
Content writing,CONTROL,NOUN,direction,5,179,5205,5,0.014945652173913044,0.0010196514645902854,2.684959565530744
Content writing,CONTROL,NOUN,experience,7,179,5205,7,0.020380434782608696,0.0013904338153503894,2.684959565530744
Content writing,CONTROL,NOUN,media,6,179,5205,6,0.017663043478260868,0.0012050426399703375,2.684959565530744
Content writing,CONTROL,VERB,drive,13,179,5205,13,0.036684782608695655,0.002502780867630701,2.6849595655307446
Content writing,CONTROL,VERB,guide,9,179,5205,9,0.025815217391304348,0.0017612161661104931,2.6849595655307446
Content writing,CONTROL,VERB,allow,7,179,5205,7,0.020380434782608696,0.0013904338153503894,2.684959565530744
Content writing,CONTROL,VERB,choose,1,179,5205,1,0.004076086956521739,0.00027808676307007786,2.684959565530744
Content writing,CONTROL,VERB,decide,6,179,5205,6,0.017663043478260868,0.0012050426399703375,2.684959565530744
Content writing,CONTROL,VERB,direct,5,179,5205,5,0.014945652173913044,0.0010196514645902854,2.684959565530744
Content writing,CONTROL,VERB,lead,3,179,5205,3,0.009510869565217392,0.0006488691138301817,2.684959565530744
Content writing,CONTROL,VERB,let,7,179,5205,7,0.020380434782608696,0.0013904338153503894,2.684959565530744
Content writing,CONTROL,VERB,make,59,179,5205,59,0.16168478260869565,0.011030774935113088,2.684959565530744
Content writing,CONTROL,VERB,manage,1,179,5205,1,0.004076086956521739,0.00027808676307007786,2.684959565530744
Content writing,CONTROL,VERB,pick,3,179,5205,3,0.009510869565217392,0.0006488691138301817,2.684959565530744
Content writing,CONTROL,VERB,set,7,179,5205,7,0.020380434782608696,0.0013904338153503894,2.684959565530744
Content writing,IDEATION,NOUN,area,8,1068,5205,8,0.006762132060461416,0.0015758249907304412,1.456559295109428
Content writing,IDEATION,NOUN,blog,17,1068,5205,17,0.01392203659506762,0.0032443455691509083,1.456559295109428
Content writing,IDEATION,NOUN,board,11,1068,5205,11,0.009148766905330152,0.002131998516870597,1.456559295109428
Content writing,IDEATION,NOUN,concept,5,1068,5205,5,0.004375497215592681,0.0010196514645902854,1.456559295109428
Content writing,IDEATION,NOUN,creativity,10,1068,5205,10,0.008353221957040573,0.001946607341490545,1.456559295109428
Content writing,IDEATION,NOUN,editing,18,1068,5205,18,0.0147175815433572,0.0034297367445309604,1.456559295109428
Content writing,IDEATION,NOUN,etc.,16,1068,5205,16,0.013126491646778043,0.0030589543937708566,1.456559295109428
Content writing,IDEATION,NOUN,fact,8,1068,5205,8,0.006762132060461416,0.0015758249907304412,1.456559295109428
Content writing,IDEATION,NOUN,idea,56,1068,5205,56,0.04494828957836118,0.010474601408972934,1.456559295109428
Content writing,IDEATION,NOUN,marketing,7,1068,5205,7,0.0059665871121718375,0.0013904338153503894,1.456559295109428
Content writing,IDEATION,NOUN,option,1,1068,5205,1,0.0011933174224343676,0.00027808676307007786,1.456559295109428
Content writing,IDEATION,NOUN,planning,6,1068,5205,6,0.005171042163882259,0.0012050426399703375,1.456559295109428
Content writing,IDEATION,VERB,outline,23,1068,5205,23,0.01869530628480509,0.0043566926214312195,1.4565592951094284
Content writing,IDEATION,VERB,have,235,1068,5205,235,0.1873508353221957,0.043659621802002224,1.4565592951094282
Content writing,IDEATION,VERB,base,9,1068,5205,9,0.007557677008750994,0.0017612161661104931,1.456559295109428
Content writing,IDEATION,VERB,bounce,5,1068,5205,5,0.004375497215592681,0.0010196514645902854,1.456559295109428
Content writing,IDEATION,VERB,brainstorm,8,1068,5205,8,0.006762132060461416,0.0015758249907304412,1.456559295109428
Content writing,IDEATION,VERB,complete,1,1068,5205,1,0.0011933174224343676,0.00027808676307007786,1.456559295109428
Content writing,IDEATION,VERB,connect,2,1068,5205,2,0.001988862370723946,0.0004634779384501298,1.456559295109428
Content writing,IDEATION,VERB,consider,9,1068,5205,9,0.007557677008750994,0.0017612161661104931,1.456559295109428
Content writing,IDEATION,VERB,copy,19,1068,5205,19,0.015513126491646777,0.003615127919911012,1.456559295109428
Content writing,IDEATION,VERB,develop,10,1068,5205,10,0.008353221957040573,0.001946607341490545,1.456559295109428
Content writing,IDEATION,VERB,discuss,3,1068,5205,3,0.0027844073190135244,0.0006488691138301817,1.456559295109428
Content writing,IDEATION,VERB,expand,2,1068,5205,2,0.001988862370723946,0.0004634779384501298,1.456559295109428
Fiction writing,AI_USE,NOUN,background,3,3676,9096,3,0.0009055627425614489,0.0003769520732364028,0.8764385127652847
Fiction writing,AI_USE,NOUN,color,3,3676,9096,3,0.0009055627425614489,0.0003769520732364028,0.8764385127652847
Fiction writing,AI_USE,NOUN,company,3,3676,9096,3,0.0009055627425614489,0.0003769520732364028,0.8764385127652847
Fiction writing,AI_USE,NOUN,designer,2,3676,9096,2,0.000646830530401035,0.00026925148088314486,0.8764385127652847
Fiction writing,AI_USE,NOUN,future,3,3676,9096,3,0.0009055627425614489,0.0003769520732364028,0.8764385127652847
Fiction writing,AI_USE,NOUN,industry,3,3676,9096,3,0.0009055627425614489,0.0003769520732364028,0.8764385127652847
Fiction writing,AI_USE,NOUN,llm,3,3676,9096,3,0.0009055627425614489,0.0003769520732364028,0.8764385127652847
Fiction writing,AI_USE,NOUN,production,3,3676,9096,3,0.0009055627425614489,0.0003769520732364028,0.8764385127652847
Fiction writing,AI_USE,NOUN,version,3,3676,9096,3,0.0009055627425614489,0.0003769520732364028,0.8764385127652847
Fiction writing,AI_USE,NOUN,ai,423,3676,9096,423,0.10957309184993531,0.045611200861604737,0.8764385127652838
Fiction writing,AI_USE,NOUN,amount,10,3676,9096,10,0.0027166882276843467,0.0011308562197092085,0.8764385127652838
Fiction writing,AI_USE,NOUN,artist,7,3676,9096,7,0.0019404915912031048,0.0008077544426494346,0.8764385127652838
Fiction writing,AI_USE,VERB,adapt,3,3676,9096,3,0.0009055627425614489,0.0003769520732364028,0.8764385127652847
Fiction writing,AI_USE,VERB,buy,2,3676,9096,2,0.000646830530401035,0.00026925148088314486,0.8764385127652847
Fiction writing,AI_USE,VERB,ensure,2,3676,9096,2,0.000646830530401035,0.00026925148088314486,0.8764385127652847
Fiction writing,AI_USE,VERB,fill,3,3676,9096,3,0.0009055627425614489,0.0003769520732364028,0.8764385127652847
Fiction writing,AI_USE,VERB,handle,3,3676,9096,3,0.0009055627425614489,0.0003769520732364028,0.8764385127652847
Fiction writing,AI_USE,VERB,hire,3,3676,9096,3,0.0009055627425614489,0.0003769520732364028,0.8764385127652847
Fiction writing,AI_USE,VERB,push,2,3676,9096,2,0.000646830530401035,0.00026925148088314486,0.8764385127652847
Fiction writing,AI_USE,VERB,remember,2,3676,9096,2,0.000646830530401035,0.00026925148088314486,0.8764385127652847
Fiction writing,AI_USE,VERB,seek,3,3676,9096,3,0.0009055627425614489,0.0003769520732364028,0.8764385127652847
Fiction writing,AI_USE,VERB,stand,3,3676,9096,3,0.0009055627425614489,0.0003769520732364028,0.8764385127652847
Fiction writing,AI_USE,VERB,want,83,3676,9096,83,0.021604139715394568,0.008992999461497038,0.8764385127652843
Fiction writing,AI_USE,VERB,accept,1,3676,9096,1,0.00038809831824062095,0.00016155088852988692,0.8764385127652838
Fiction writing,AUTHORSHIP,NOUN,description,5,3346,9096,5,0.0015558698727015559,0.0005923532579429187,0.965686895456134
Fiction writing,AUTHORSHIP,NOUN,email,5,3346,9096,5,0.0015558698727015559,0.0005923532579429187,0.965686895456134
Fiction writing,AUTHORSHIP,NOUN,order,5,3346,9096,5,0.0015558698727015559,0.0005923532579429187,0.965686895456134
Fiction writing,AUTHORSHIP,NOUN,photo,2,3346,9096,2,0.0007072135785007072,0.00026925148088314486,0.965686895456134
Fiction writing,AUTHORSHIP,NOUN,picture,3,3346,9096,3,0.0009900990099009901,0.0003769520732364028,0.965686895456134
Fiction writing,AUTHORSHIP,NOUN,problem,3,3346,9096,3,0.0009900990099009901,0.0003769520732364028,0.965686895456134
Fiction writing,AUTHORSHIP,NOUN,product,5,3346,9096,5,0.0015558698727015559,0.0005923532579429187,0.965686895456134
Fiction writing,AUTHORSHIP,NOUN,reference,5,3346,9096,5,0.0015558698727015559,0.0005923532579429187,0.965686895456134
Fiction writing,AUTHORSHIP,NOUN,side,5,3346,9096,5,0.0015558698727015559,0.0005923532579429187,0.965686895456134
Fiction writing,AUTHORSHIP,NOUN,skill,5,3346,9096,5,0.0015558698727015559,0.0005923532579429187,0.965686895456134
Fiction writing,AUTHORSHIP,NOUN,song,2,3346,9096,2,0.0007072135785007072,0.00026925148088314486,0.965686895456134
Fiction writing,AUTHORSHIP,NOUN,space,3,3346,9096,3,0.0009900990099009901,0.0003769520732364028,0.965686895456134
Fiction writing,AUTHORSHIP,VERB,assist,2,3346,9096,2,0.0007072135785007072,0.00026925148088314486,0.965686895456134
Fiction writing,AUTHORSHIP,VERB,craft,2,3346,9096,2,0.0007072135785007072,0.00026925148088314486,0.965686895456134
Fiction writing,AUTHORSHIP,VERB,paint,2,3346,9096,2,0.0007072135785007072,0.00026925148088314486,0.965686895456134
Fiction writing,AUTHORSHIP,VERB,plan,5,3346,9096,5,0.0015558698727015559,0.0005923532579429187,0.965686895456134
Fiction writing,AUTHORSHIP,VERB,receive,3,3346,9096,3,0.0009900990099009901,0.0003769520732364028,0.965686895456134
Fiction writing,AUTHORSHIP,VERB,work,135,3346,9096,135,0.03833097595473833,0.01459343026386645,0.9656868954561335
Fiction writing,AUTHORSHIP,VERB,be,1191,3346,9096,1191,0.33705799151343707,0.12832525578890683,0.9656868954561333
Fiction writing,AUTHORSHIP,VERB,add,12,3346,9096,12,0.003536067892503536,0.0013462574044157242,0.9656868954561331
Fiction writing,AUTHORSHIP,VERB,answer,15,3346,9096,15,0.004384724186704385,0.001669359181475498,0.9656868954561331
Fiction writing,AUTHORSHIP,VERB,break,13,3346,9096,13,0.003818953323903819,0.0014539579967689823,0.9656868954561331
Fiction writing,AUTHORSHIP,VERB,bring,1,3346,9096,1,0.0004243281471004243,0.00016155088852988692,0.9656868954561331
Fiction writing,AUTHORSHIP,VERB,build,4,3346,9096,4,0.001272984441301273,0.0004846526655896607,0.9656868954561331
Fiction writing,CONTROL,NOUN,chat,6,353,9096,6,0.011992619926199263,0.0007000538502961766,2.8408894723471603
Fiction writing,CONTROL,NOUN,control,12,353,9096,12,0.023062730627306273,0.0013462574044157242,2.8408894723471603
Fiction writing,CONTROL,NOUN,direction,7,353,9096,7,0.013837638376383764,0.0008077544426494346,2.8408894723471603
Fiction writing,CONTROL,NOUN,experience,12,353,9096,12,0.023062730627306273,0.0013462574044157242,2.8408894723471603
Fiction writing,CONTROL,NOUN,decision,28,353,9096,28,0.052583025830258305,0.0030694668820678513,2.84088947234716
Fiction writing,CONTROL,NOUN,media,11,353,9096,11,0.021217712177121772,0.0012385568120624663,2.84088947234716
Fiction writing,CONTROL,NOUN,question,36,353,9096,36,0.06734317343173432,0.003931071620893915,2.84088947234716
Fiction writing,CONTROL,VERB,choose,7,353,9096,7,0.013837638376383764,0.0008077544426494346,2.8408894723471603
Fiction writing,CONTROL,VERB,decide,7,353,9096,7,0.013837638376383764,0.0008077544426494346,2.8408894723471603
Fiction writing,CONTROL,VERB,determine,7,353,9096,7,0.013837638376383764,0.0008077544426494346,2.8408894723471603
Fiction writing,CONTROL,VERB,direct,1,353,9096,1,0.0027675276752767526,0.00016155088852988692,2.8408894723471603
Fiction writing,CONTROL,VERB,drive,17,353,9096,17,0.03228782287822878,0.001884760366182014,2.8408894723471603
Fiction writing,CONTROL,VERB,guide,6,353,9096,6,0.011992619926199263,0.0007000538502961766,2.8408894723471603
Fiction writing,CONTROL,VERB,lead,10,353,9096,10,0.01937269372693727,0.0011308562197092085,2.8408894723471603
Fiction writing,CONTROL,VERB,manage,3,353,9096,3,0.006457564575645757,0.0003769520732364028,2.8408894723471603
Fiction writing,CONTROL,VERB,pick,5,353,9096,5,0.01014760147601476,0.0005923532579429187,2.8408894723471603
Fiction writing,CONTROL,VERB,set,18,353,9096,18,0.03413284132841329,0.001992460958535272,2.8408894723471603
Fiction writing,CONTROL,VERB,let,19,353,9096,19,0.035977859778597784,0.00210016155088853,2.84088947234716
Fiction writing,CONTROL,VERB,allow,8,353,9096,8,0.015682656826568265,0.0009154550350026925,2.8408894723471594
Fiction writing,IDEATION,NOUN,area,22,1721,9096,22,0.011780104712041885,0.0024232633279483036,1.581296952746131
Fiction writing,IDEATION,NOUN,blog,5,1721,9096,5,0.0028795811518324606,0.0005923532579429187,1.581296952746131
Fiction writing,IDEATION,NOUN,board,2,1721,9096,2,0.0013089005235602095,0.00026925148088314486,1.581296952746131
Fiction writing,IDEATION,NOUN,concept,19,1721,9096,19,0.010209424083769634,0.00210016155088853,1.581296952746131
Fiction writing,IDEATION,NOUN,course,6,1721,9096,6,0.0034031413612565444,0.0007000538502961766,1.581296952746131
Fiction writing,IDEATION,NOUN,creativity,9,1721,9096,9,0.0049738219895287955,0.0010231556273559504,1.581296952746131
Fiction writing,IDEATION,NOUN,editing,27,1721,9096,27,0.014397905759162303,0.0029617662897145933,1.581296952746131
Fiction writing,IDEATION,NOUN,etc.,21,1721,9096,21,0.011256544502617802,0.002315562735595046,1.581296952746131
Fiction writing,IDEATION,NOUN,feature,9,1721,9096,9,0.0049738219895287955,0.0010231556273559504,1.581296952746131
Fiction writing,IDEATION,NOUN,inspiration,9,1721,9096,9,0.0049738219895287955,0.0010231556273559504,1.581296952746131
Fiction writing,IDEATION,NOUN,marketing,7,1721,9096,7,0.003926701570680628,0.0008077544426494346,1.581296952746131
Fiction writing,IDEATION,NOUN,option,6,1721,9096,6,0.0034031413612565444,0.0007000538502961766,1.581296952746131
Fiction writing,IDEATION,VERB,come,57,1721,9096,57,0.030104712041884817,0.006192784060312331,1.5812969527461314
Fiction writing,IDEATION,VERB,bounce,4,1721,9096,4,0.002356020942408377,0.0004846526655896607,1.581296952746131
Fiction writing,IDEATION,VERB,brainstorm,10,1721,9096,10,0.00549738219895288,0.0011308562197092085,1.581296952746131
Fiction writing,IDEATION,VERB,complete,4,1721,9096,4,0.002356020942408377,0.0004846526655896607,1.581296952746131
Fiction writing,IDEATION,VERB,connect,4,1721,9096,4,0.002356020942408377,0.0004846526655896607,1.581296952746131
Fiction writing,IDEATION,VERB,consider,4,1721,9096,4,0.002356020942408377,0.0004846526655896607,1.581296952746131
Fiction writing,IDEATION,VERB,copy,4,1721,9096,4,0.002356020942408377,0.0004846526655896607,1.581296952746131
Fiction writing,IDEATION,VERB,discuss,6,1721,9096,6,0.0034031413612565444,0.0007000538502961766,1.581296952746131
Fiction writing,IDEATION,VERB,engage,1,1721,9096,1,0.0007853403141361257,0.00016155088852988692,1.581296952746131
Fiction writing,IDEATION,VERB,expand,10,1721,9096,10,0.00549738219895288,0.0011308562197092085,1.581296952746131
Fiction writing,IDEATION,VERB,explain,6,1721,9096,6,0.0034031413612565444,0.0007000538502961766,1.581296952746131
Fiction writing,IDEATION,VERB,figure,2,1721,9096,2,0.0013089005235602095,0.00026925148088314486,1.581296952746131
Mix,AI_USE,NOUN,amount,8,1730,4067,8,0.004429390307451798,0.0019971804511278194,0.7965255350137808
Mix,AI_USE,NOUN,artist,11,1730,4067,11,0.005992704533611256,0.002702067669172932,0.7965255350137808
Mix,AI_USE,NOUN,aspect,6,1730,4067,6,0.0033871808233454925,0.0015272556390977443,0.7965255350137808
Mix,AI_USE,NOUN,audio,10,1730,4067,10,0.0054715997915581035,0.0024671052631578946,0.7965255350137808
Mix,AI_USE,NOUN,author,12,1730,4067,12,0.006513809275664409,0.0029370300751879698,0.7965255350137808
Mix,AI_USE,NOUN,brainstorming,3,1730,4067,3,0.0018238665971860343,0.0008223684210526315,0.7965255350137808
Mix,AI_USE,NOUN,case,5,1730,4067,5,0.0028660760812923396,0.0012922932330827067,0.7965255350137808
Mix,AI_USE,NOUN,character,12,1730,4067,12,0.006513809275664409,0.0029370300751879698,0.7965255350137808
Mix,AI_USE,NOUN,chatgpt,5,1730,4067,5,0.0028660760812923396,0.0012922932330827067,0.7965255350137808
Mix,AI_USE,NOUN,client,16,1730,4067,16,0.008598228243877019,0.00387687969924812,0.7965255350137808
Mix,AI_USE,NOUN,collaboration,6,1730,4067,6,0.0033871808233454925,0.0015272556390977443,0.7965255350137808
Mix,AI_USE,NOUN,color,3,1730,4067,3,0.0018238665971860343,0.0008223684210526315,0.7965255350137808
Mix,AI_USE,VERB,act,1,1730,4067,1,0.000781657113079729,0.00035244360902255637,0.7965255350137808
Mix,AI_USE,VERB,adapt,1,1730,4067,1,0.000781657113079729,0.00035244360902255637,0.7965255350137808
Mix,AI_USE,VERB,apply,2,1730,4067,2,0.0013027618551328818,0.000587406015037594,0.7965255350137808
Mix,AI_USE,VERB,ask,30,1730,4067,30,0.015893694632621157,0.007166353383458646,0.7965255350137808
Mix,AI_USE,VERB,attempt,2,1730,4067,2,0.0013027618551328818,0.000587406015037594,0.7965255350137808
Mix,AI_USE,VERB,automate,2,1730,4067,2,0.0013027618551328818,0.000587406015037594,0.7965255350137808
Mix,AI_USE,VERB,become,12,1730,4067,12,0.006513809275664409,0.0029370300751879698,0.7965255350137808
Mix,AI_USE,VERB,begin,8,1730,4067,8,0.004429390307451798,0.0019971804511278194,0.7965255350137808
Mix,AI_USE,VERB,believe,5,1730,4067,5,0.0028660760812923396,0.0012922932330827067,0.7965255350137808
Mix,AI_USE,VERB,capture,2,1730,4067,2,0.0013027618551328818,0.000587406015037594,0.7965255350137808
Mix,AI_USE,VERB,check,11,1730,4067,11,0.005992704533611256,0.002702067669172932,0.7965255350137808
Mix,AI_USE,VERB,compare,3,1730,4067,3,0.0018238665971860343,0.0008223684210526315,0.7965255350137808
Mix,AUTHORSHIP,NOUN,ability,3,1420,4067,3,0.002175264139216905,0.0008223684210526315,0.9727168840290972
Mix,AUTHORSHIP,NOUN,art,12,1420,4067,12,0.007768800497203232,0.0029370300751879698,0.9727168840290972
Mix,AUTHORSHIP,NOUN,article,19,1420,4067,19,0.012119328775637041,0.004581766917293233,0.9727168840290972
Mix,AUTHORSHIP,NOUN,asset,11,1420,4067,11,0.007147296457426973,0.002702067669172932,0.9727168840290972
Mix,AUTHORSHIP,NOUN,book,17,1420,4067,17,0.010876320696084525,0.004111842105263158,0.9727168840290972
Mix,AUTHORSHIP,NOUN,content,19,1420,4067,19,0.012119328775637041,0.004581766917293233,0.9727168840290972
Mix,AUTHORSHIP,NOUN,conversation,7,1420,4067,7,0.0046612802983219395,0.0017622180451127819,0.9727168840290972
Mix,AUTHORSHIP,NOUN,couple,2,1420,4067,2,0.0015537600994406464,0.000587406015037594,0.9727168840290972
Mix,AUTHORSHIP,NOUN,description,4,1420,4067,4,0.0027967681789931634,0.0010573308270676691,0.9727168840290972
Mix,AUTHORSHIP,NOUN,effect,5,1420,4067,5,0.003418272218769422,0.0012922932330827067,0.9727168840290972
Mix,AUTHORSHIP,NOUN,element,6,1420,4067,6,0.004039776258545681,0.0015272556390977443,0.9727168840290972
Mix,AUTHORSHIP,NOUN,email,2,1420,4067,2,0.0015537600994406464,0.000587406015037594,0.9727168840290972
Mix,AUTHORSHIP,VERB,add,12,1420,4067,12,0.007768800497203232,0.0029370300751879698,0.9727168840290972
Mix,AUTHORSHIP,VERB,answer,4,1420,4067,4,0.0027967681789931634,0.0010573308270676691,0.9727168840290972
Mix,AUTHORSHIP,VERB,assist,2,1420,4067,2,0.0015537600994406464,0.000587406015037594,0.9727168840290972
Mix,AUTHORSHIP,VERB,be,465,1420,4067,465,0.28931013051584836,0.109375,0.9727168840290972
Mix,AUTHORSHIP,VERB,break,1,1420,4067,1,0.0009322560596643878,0.00035244360902255637,0.9727168840290972
Mix,AUTHORSHIP,VERB,bring,5,1420,4067,5,0.003418272218769422,0.0012922932330827067,0.9727168840290972
Mix,AUTHORSHIP,VERB,build,2,1420,4067,2,0.0015537600994406464,0.000587406015037594,0.9727168840290972
Mix,AUTHORSHIP,VERB,change,19,1420,4067,19,0.012119328775637041,0.004581766917293233,0.9727168840290972
Mix,AUTHORSHIP,VERB,clean,4,1420,4067,4,0.0027967681789931634,0.0010573308270676691,0.9727168840290972
Mix,AUTHORSHIP,VERB,combine,1,1420,4067,1,0.0009322560596643878,0.00035244360902255637,0.9727168840290972
Mix,AUTHORSHIP,VERB,craft,4,1420,4067,4,0.0027967681789931634,0.0010573308270676691,0.9727168840290972
Mix,AUTHORSHIP,VERB,create,40,1420,4067,40,0.02517091361093847,0.009515977443609023,0.9727168840290972
Mix,CONTROL,NOUN,direction,5,135,4067,5,0.016975308641975308,0.0012922932330827067,2.5753415152291517
Mix,CONTROL,NOUN,chat,12,135,4067,12,0.038580246913580245,0.0029370300751879698,2.5753415152291512
Mix,CONTROL,NOUN,decision,8,135,4067,8,0.026234567901234566,0.0019971804511278194,2.5753415152291512
Mix,CONTROL,NOUN,experience,8,135,4067,8,0.026234567901234566,0.0019971804511278194,2.5753415152291512
Mix,CONTROL,NOUN,media,8,135,4067,8,0.026234567901234566,0.0019971804511278194,2.5753415152291512
Mix,CONTROL,NOUN,question,11,135,4067,11,0.035493827160493825,0.002702067669172932,2.5753415152291512
Mix,CONTROL,NOUN,control,3,135,4067,3,0.010802469135802469,0.0008223684210526315,2.575341515229151
Mix,CONTROL,VERB,set,5,135,4067,5,0.016975308641975308,0.0012922932330827067,2.5753415152291517
Mix,CONTROL,VERB,allow,4,135,4067,4,0.013888888888888888,0.0010573308270676691,2.575341515229151
Mix,CONTROL,VERB,choose,2,135,4067,2,0.007716049382716049,0.000587406015037594,2.575341515229151
Mix,CONTROL,VERB,decide,6,135,4067,6,0.020061728395061727,0.0015272556390977443,2.575341515229151
Mix,CONTROL,VERB,direct,2,135,4067,2,0.007716049382716049,0.000587406015037594,2.575341515229151
Mix,CONTROL,VERB,drive,6,135,4067,6,0.020061728395061727,0.0015272556390977443,2.575341515229151
Mix,CONTROL,VERB,guide,1,135,4067,1,0.004629629629629629,0.00035244360902255637,2.575341515229151
Mix,CONTROL,VERB,lead,1,135,4067,1,0.004629629629629629,0.00035244360902255637,2.575341515229151
Mix,CONTROL,VERB,let,14,135,4067,14,0.044753086419753084,0.003406954887218045,2.575341515229151
Mix,CONTROL,VERB,manage,2,135,4067,2,0.007716049382716049,0.000587406015037594,2.575341515229151
Mix,CONTROL,VERB,pick,2,135,4067,2,0.007716049382716049,0.000587406015037594,2.575341515229151
Mix,CONTROL,VERB,make,35,135,4067,35,0.1095679012345679,0.008341165413533835,2.5753415152291503
Mix,IDEATION,NOUN,area,1,782,4067,1,0.001544799176107106,0.00035244360902255637,1.4777585627301555
Mix,IDEATION,NOUN,blog,2,782,4067,2,0.0025746652935118436,0.000587406015037594,1.4777585627301555
Mix,IDEATION,NOUN,concept,4,782,4067,4,0.004634397528321318,0.0010573308270676691,1.4777585627301555
Mix,IDEATION,NOUN,course,1,782,4067,1,0.001544799176107106,0.00035244360902255637,1.4777585627301555
Mix,IDEATION,NOUN,creativity,2,782,4067,2,0.0025746652935118436,0.000587406015037594,1.4777585627301555
Mix,IDEATION,NOUN,editing,14,782,4067,14,0.014933058702368692,0.003406954887218045,1.4777585627301555
Mix,IDEATION,NOUN,etc.,9,782,4067,9,0.009783728115345005,0.002232142857142857,1.4777585627301555
Mix,IDEATION,NOUN,fact,5,782,4067,5,0.005664263645726055,0.0012922932330827067,1.4777585627301555
Mix,IDEATION,NOUN,feature,1,782,4067,1,0.001544799176107106,0.00035244360902255637,1.4777585627301555
Mix,IDEATION,NOUN,idea,68,782,4067,68,0.0705458290422245,0.016094924812030075,1.4777585627301555
Mix,IDEATION,NOUN,inspiration,4,782,4067,4,0.004634397528321318,0.0010573308270676691,1.4777585627301555
Mix,IDEATION,NOUN,marketing,4,782,4067,4,0.004634397528321318,0.0010573308270676691,1.4777585627301555
Mix,IDEATION,VERB,look,20,782,4067,20,0.021112255406797117,0.00481672932330827,1.477758562730156
Mix,IDEATION,VERB,base,10,782,4067,10,0.010813594232749742,0.0024671052631578946,1.4777585627301555
Mix,IDEATION,VERB,bounce,1,782,4067,1,0.001544799176107106,0.00035244360902255637,1.4777585627301555
Mix,IDEATION,VERB,brainstorm,9,782,4067,9,0.009783728115345005,0.002232142857142857,1.4777585627301555
Mix,IDEATION,VERB,come,50,782,4067,50,0.052008238928939236,0.011865601503759399,1.4777585627301555
Mix,IDEATION,VERB,complete,4,782,4067,4,0.004634397528321318,0.0010573308270676691,1.4777585627301555
Mix,IDEATION,VERB,connect,2,782,4067,2,0.0025746652935118436,0.000587406015037594,1.4777585627301555
Mix,IDEATION,VERB,consider,6,782,4067,6,0.006694129763130793,0.0015272556390977443,1.4777585627301555
Mix,IDEATION,VERB,copy,7,782,4067,7,0.007723995880535531,0.0017622180451127819,1.4777585627301555
Mix,IDEATION,VERB,develop,1,782,4067,1,0.001544799176107106,0.00035244360902255637,1.4777585627301555
Mix,IDEATION,VERB,discuss,1,782,4067,1,0.001544799176107106,0.00035244360902255637,1.4777585627301555
Mix,IDEATION,VERB,expand,5,782,4067,5,0.005664263645726055,0.0012922932330827067,1.4777585627301555
